n,add_ms,mul_ms,zero_ms,sym_ms,det_ms,transpose_ms,eig_ms
10,0.0050,0.0020,0.0000,0.0010,0.0020,0.0010,0.0100
20,0.0010,0.0140,0.0000,0.0010,0.0080,0.0010,0.0310
40,0.0050,0.1110,0.0000,0.0020,0.0440,0.0040,0.0760
60,0.0090,0.3610,0.0000,0.0040,0.1390,0.0050,0.1610
90,0.0190,1.1770,0.0000,0.0070,0.4440,0.0120,0.3880
130,0.0380,3.7900,0.0010,0.0200,1.3030,0.0230,0.6860
180,0.0770,10.9920,0.0000,0.0390,3.3060,0.0420,1.2900
240,0.1210,22.1130,0.0000,0.0650,7.5930,0.0740,2.3180
300,0.1850,41.7290,0.0010,0.1290,15.1640,0.1350,3.6420
380,0.2950,85.1320,0.0010,0.1890,30.2300,0.1940,6.0700
